[
    {
        "pk": 1,
        "model": "people.guardian",
        "fields": {
            "name": "Father",
            "order": "0"
        }
    },
    {
        "pk": 2,
        "model": "people.guardian",
        "fields": {
            "name": "Mother",
            "order": "1"
        }
    },
      {
        "pk": 1,
        "model": "people.disability",
        "fields": {
            "name": "Vision",
            "order": "0"
        }
    },
    {
        "pk": 2,
        "model": "people.disability",
        "fields": {
            "name": "Hearing",
            "order": "1"
        }
    },
      {
        "pk": 3,
        "model": "people.disability",
        "fields": {
            "name": "Serious injury/illness",
            "order": "2"
        }
    },
    {
        "pk": 4,
        "model": "people.disability",
        "fields": {
            "name": "Other",
            "order": "99"
        }
    }
]